effective_from,product,price_pkr_per_litre,change
2006-01-01,hsd,62.65,
2006-01-01,jp1,45.82,
2006-01-01,ldo,54.94,
2006-01-01,petrol,62.13,
2006-01-01,sko,59.35,
2006-01-09,hsd,65.0,2.35
2006-01-09,jp1,12.0,-33.82
2006-01-09,ldo,56.0,1.06
2006-01-09,petrol,55.0,-7.13
2006-01-09,sko,33.0,-26.35
2006-05-01,hsd,37.29,-27.71
2006-05-01,petrol,55.55,0.55
2006-05-15,hsd,65.0,27.71
2006-05-15,jp1,12.0,
2006-05-15,ldo,56.0,
2006-05-15,petrol,55.0,-0.55
2006-05-15,sko,33.0,
2006-05-16,hsd,37.29,-27.71
2006-05-16,petrol,55.55,0.55
2006-06-01,hsd,37.29,0.0
2006-06-01,petrol,55.55,0.0
2006-06-16,hsd,37.29,0.0
2006-06-16,petrol,55.55,0.0
2006-07-16,hsd,37.73,0.44
2006-07-16,jp1,38.67,
2006-07-16,ldo,32.57,
2006-07-16,petrol,53.7,-1.85
2006-07-16,sko,35.23,
2006-08-16,hsd,37.29,-0.44
2006-08-16,petrol,55.55,1.85
2006-09-16,hsd,37.29,0.0
2006-09-16,jp1,38.4,
2006-09-16,petrol,55.55,0.0
2006-10-16,hsd,37.29,0.0
2006-10-16,jp1,38.4,0.0
2006-10-16,petrol,55.55,0.0
2006-11-16,hsd,37.29,0.0
2006-11-16,petrol,55.55,0.0
2006-12-01,hsd,37.29,0.0
2006-12-01,petrol,55.55,0.0
2007-01-16,hsd,36.33,-0.96
2007-01-16,petrol,51.7,-3.85
2007-04-01,hsd,36.33,0.0
2007-04-01,petrol,51.7,0.0
2007-04-16,hsd,36.33,0.0
2007-04-16,jp1,35.86,
2007-04-16,ldo,32.57,
2007-04-16,petrol,51.7,0.0
2007-04-16,sko,35.23,
2007-05-01,hsd,36.33,0.0
2007-05-01,jp1,36.48,0.62
2007-05-01,ldo,32.57,0.0
2007-05-01,petrol,51.7,0.0
2007-05-01,sko,35.23,0.0
2007-05-16,hsd,36.33,0.0
2007-05-16,jp1,36.58,0.1
2007-05-16,ldo,32.57,0.0
2007-05-16,petrol,51.7,0.0
2007-05-16,sko,35.23,0.0
2007-06-01,hsd,36.33,0.0
2007-06-01,jp1,37.03,0.45
2007-06-01,ldo,32.57,0.0
2007-06-01,petrol,51.7,0.0
2007-06-01,sko,35.23,0.0
2007-06-16,hsd,36.33,0.0
2007-06-16,jp1,36.9,-0.13
2007-06-16,ldo,32.57,0.0
2007-06-16,petrol,51.7,0.0
2007-06-16,sko,35.23,0.0
2007-07-01,hsd,36.33,0.0
2007-07-01,jp1,36.9,0.0
2007-07-01,ldo,32.57,0.0
2007-07-01,petrol,51.7,0.0
2007-07-01,sko,35.23,0.0
2007-07-16,hsd,37.73,1.4
2007-07-16,jp1,38.67,1.77
2007-07-16,ldo,32.57,0.0
2007-07-16,petrol,53.7,2.0
2007-07-16,sko,35.23,0.0
2007-08-01,hsd,37.73,0.0
2007-08-01,jp1,39.34,0.67
2007-08-01,ldo,32.57,0.0
2007-08-01,petrol,53.7,0.0
2007-08-01,sko,35.23,0.0
2007-08-25,hsd,37.73,0.0
2007-08-25,ldo,32.57,0.0
2007-08-25,petrol,53.7,0.0
2007-08-25,sko,35.23,0.0
2007-09-01,hsd,37.73,0.0
2007-09-01,jp1,37.38,
2007-09-01,ldo,32.57,0.0
2007-09-01,petrol,53.7,0.0
2007-09-01,sko,35.23,0.0
2007-09-16,hsd,37.73,0.0
2007-09-16,jp1,39.19,1.81
2007-09-16,ldo,32.57,0.0
2007-09-16,petrol,53.7,0.0
2007-09-16,sko,35.23,0.0
2007-10-01,hsd,37.73,0.0
2007-10-01,jp1,40.96,1.77
2007-10-01,ldo,32.57,0.0
2007-10-01,petrol,53.7,0.0
2007-10-01,sko,35.23,0.0
2007-10-16,hsd,37.73,0.0
2007-10-16,jp1,41.12,0.16
2007-10-16,ldo,32.57,0.0
2007-10-16,petrol,53.7,0.0
2007-10-16,sko,35.23,0.0
2007-11-02,hsd,37.73,0.0
2007-11-02,ldo,32.57,0.0
2007-11-02,petrol,53.7,0.0
2007-11-02,sko,35.23,0.0
2007-11-16,hsd,37.73,0.0
2007-11-16,ldo,32.57,0.0
2007-11-16,petrol,53.7,0.0
2007-11-16,sko,32.57,-2.66
2007-12-02,hsd,37.73,0.0
2007-12-02,jp1,50.89,
2007-12-02,ldo,32.57,0.0
2007-12-02,petrol,53.7,0.0
2007-12-02,sko,35.23,2.66
2007-12-16,hsd,37.73,0.0
2007-12-16,ldo,32.57,0.0
2007-12-16,petrol,53.7,0.0
2007-12-16,sko,35.23,0.0
2008-01-01,hsd,37.73,0.0
2008-01-01,jp1,48.85,
2008-01-01,ldo,32.57,0.0
2008-01-01,petrol,53.7,0.0
2008-01-01,sko,35.23,0.0
2008-02-16,hsd,37.73,0.0
2008-02-16,jp1,49.98,1.13
2008-02-16,ldo,32.57,0.0
2008-02-16,petrol,53.7,0.0
2008-02-16,sko,35.23,0.0
2008-03-01,hsd,41.23,3.5
2008-03-01,jp1,52.77,2.79
2008-03-01,ldo,36.07,3.5
2008-03-01,petrol,58.7,5.0
2008-03-01,sko,38.73,3.5
2008-03-16,hsd,44.13,2.9
2008-03-16,ldo,38.59,2.52
2008-03-16,petrol,62.81,4.11
2008-03-16,sko,41.44,2.71
2008-04-01,hsd,44.13,0.0
2008-04-01,ldo,38.59,0.0
2008-04-01,petrol,62.81,0.0
2008-04-01,sko,41.44,0.0
2008-04-18,hsd,47.13,3.0
2008-04-18,jp1,62.31,
2008-04-18,ldo,41.59,3.0
2008-04-18,petrol,65.81,3.0
2008-04-18,sko,41.44,0.0
2008-05-01,hsd,50.13,3.0
2008-05-01,jp1,67.33,5.02
2008-05-01,ldo,44.59,3.0
2008-05-01,petrol,68.81,3.0
2008-05-01,sko,41.44,0.0
2008-05-16,hsd,50.13,0.0
2008-05-16,jp1,72.25,4.92
2008-05-16,ldo,44.59,0.0
2008-05-16,petrol,68.81,0.0
2008-05-16,sko,41.44,0.0
2008-06-01,hsd,50.13,0.0
2008-06-01,jp1,84.9,12.65
2008-06-01,ldo,44.59,0.0
2008-06-01,petrol,68.81,0.0
2008-06-01,sko,41.44,0.0
2008-06-22,hsd,50.13,0.0
2008-06-22,jp1,80.07,-4.83
2008-06-22,ldo,44.59,0.0
2008-06-22,petrol,68.81,0.0
2008-06-22,sko,41.44,0.0
2008-06-29,hsd,55.14,5.01
2008-06-29,jp1,84.9,4.83
2008-06-29,ldo,49.05,4.46
2008-06-29,petrol,75.69,6.88
2008-06-29,sko,49.73,8.29
2008-07-01,hsd,55.14,0.0
2008-07-01,jp1,82.1,-2.8
2008-07-01,ldo,49.05,0.0
2008-07-01,petrol,75.69,0.0
2008-07-01,sko,49.73,0.0
2008-07-21,hsd,64.64,9.5
2008-07-21,jp1,90.36,8.26
2008-07-21,ldo,56.5,7.45
2008-07-21,petrol,86.66,10.97
2008-07-21,sko,58.37,8.64
2008-08-01,hsd,64.64,0.0
2008-08-01,jp1,86.11,-4.25
2008-08-01,ldo,56.5,0.0
2008-08-01,petrol,86.66,0.0
2008-08-01,sko,58.37,0.0
2008-08-16,hsd,64.64,0.0
2008-08-16,jp1,77.07,-9.04
2008-08-16,ldo,56.5,0.0
2008-08-16,petrol,86.66,0.0
2008-08-16,sko,58.37,0.0
2008-09-01,hsd,64.64,0.0
2008-09-01,jp1,75.34,-1.73
2008-09-01,ldo,56.5,0.0
2008-09-01,petrol,86.66,0.0
2008-09-01,sko,58.37,0.0
2008-09-16,hsd,68.14,3.5
2008-09-16,jp1,71.44,-3.9
2008-09-16,ldo,60.0,3.5
2008-09-16,petrol,81.66,-5.0
2008-09-16,sko,61.87,3.5
2008-10-01,hsd,68.14,0.0
2008-10-01,jp1,69.01,-2.43
2008-10-01,ldo,60.0,0.0
2008-10-01,petrol,81.66,0.0
2008-10-01,sko,61.87,0.0
2008-10-16,hsd,68.14,0.0
2008-10-16,jp1,59.75,-9.26
2008-10-16,ldo,60.0,0.0
2008-10-16,petrol,81.66,0.0
2008-10-16,sko,61.87,0.0
2008-11-01,hsd,64.14,-4.0
2008-11-01,jp1,50.9,-8.85
2008-11-01,ldo,60.0,0.0
2008-11-01,petrol,76.66,-5.0
2008-11-01,sko,61.87,0.0
2008-11-16,hsd,61.14,-3.0
2008-11-16,jp1,48.57,-2.33
2008-11-16,ldo,53.0,-7.0
2008-11-16,petrol,66.66,-10.0
2008-11-16,sko,56.87,-5.0
2008-12-01,hsd,57.14,-4.0
2008-12-01,jp1,42.54,-6.03
2008-12-01,ldo,48.0,-5.0
2008-12-01,petrol,51.66,-15.0
2008-12-01,sko,51.87,-5.0
2008-12-16,hsd,57.14,0.0
2008-12-16,jp1,36.4,-6.14
2008-12-16,ldo,48.0,0.0
2008-12-16,petrol,57.66,6.0
2008-12-16,sko,51.87,0.0
2009-01-01,hsd,57.14,0.0
2009-01-01,jp1,35.89,-0.51
2009-01-01,ldo,48.0,0.0
2009-01-01,petrol,57.66,0.0
2009-01-01,sko,51.87,0.0
2009-02-01,hsd,57.14,0.0
2009-02-01,jp1,35.62,-0.27
2009-02-01,ldo,48.0,0.0
2009-02-01,petrol,57.66,0.0
2009-02-01,sko,51.87,0.0
2009-03-01,hsd,57.14,0.0
2009-03-01,jp1,31.24,-4.38
2009-03-01,ldo,48.0,0.0
2009-03-01,petrol,57.66,0.0
2009-03-01,sko,51.87,0.0
2009-04-01,hsd,57.14,0.0
2009-04-01,jp1,31.83,0.59
2009-04-01,ldo,48.0,0.0
2009-04-01,petrol,57.66,0.0
2009-04-01,sko,51.87,0.0
2009-05-01,hsd,57.14,0.0
2009-05-01,jp1,31.83,0.0
2009-05-01,ldo,48.0,0.0
2009-05-01,petrol,57.66,0.0
2009-05-01,sko,51.87,0.0
2009-05-22,hsd,55.71,-1.43
2009-05-22,jp1,31.83,0.0
2009-05-22,ldo,48.0,0.0
2009-05-22,petrol,56.21,-1.45
2009-05-22,sko,51.87,0.0
2009-06-01,hsd,55.71,0.0
2009-06-01,jp1,38.29,6.46
2009-06-01,ldo,48.0,0.0
2009-06-01,petrol,56.21,0.0
2009-06-01,sko,51.81,-0.06
2009-07-01,hsd,62.65,6.94
2009-07-01,jp1,45.82,7.53
2009-07-01,ldo,54.94,6.94
2009-07-01,petrol,62.13,5.92
2009-07-01,sko,59.35,7.54
2009-07-08,hsd,53.37,-9.28
2009-07-08,jp1,45.82,0.0
2009-07-08,ldo,51.46,-3.48
2009-07-08,petrol,50.53,-11.6
2009-07-08,sko,52.39,-6.96
2009-07-09,hsd,62.65,9.28
2009-07-09,jp1,45.82,0.0
2009-07-09,ldo,54.94,3.48
2009-07-09,petrol,62.13,11.6
2009-07-09,sko,59.35,6.96
2009-08-01,hsd,61.41,-1.24
2009-08-01,jp1,44.38,-1.44
2009-08-01,ldo,53.27,-1.67
2009-08-01,petrol,60.46,-1.67
2009-08-01,sko,57.91,-1.44
2009-09-01,hsd,66.0,4.59
2009-09-01,jp1,48.12,3.74
2009-09-01,ldo,56.96,3.69
2009-09-01,petrol,65.26,4.8
2009-09-01,sko,60.6,2.69
2009-10-01,hsd,64.79,-1.21
2009-10-01,jp1,46.03,-2.09
2009-10-01,ldo,54.97,-1.99
2009-10-01,petrol,61.63,-3.63
2009-10-01,sko,57.87,-2.73
2009-11-01,hsd,64.79,0.0
2009-11-01,jp1,48.37,2.34
2009-11-01,ldo,54.97,0.0
2009-11-01,petrol,61.63,0.0
2009-11-01,sko,57.87,0.0
2009-12-01,hsd,70.52,5.73
2009-12-01,jp1,52.29,3.92
2009-12-01,ldo,60.22,5.25
2009-12-01,petrol,66.0,4.37
2009-12-01,sko,52.63,-5.24
2010-01-01,e10,62.61,
2010-01-01,hsd,68.56,-1.96
2010-01-01,jp1,50.7,-1.59
2010-01-01,ldo,58.1,-2.12
2010-01-01,petrol,65.11,-0.89
2010-01-01,sko,60.75,8.12
2010-02-01,e10,62.61,0.0
2010-02-01,hsd,71.86,3.3
2010-02-01,jp1,53.41,2.71
2010-02-01,ldo,61.07,2.97
2010-02-01,petrol,71.21,6.1
2010-02-01,sko,64.06,3.31
2010-03-01,hsd,69.89,-1.97
2010-03-01,jp1,51.25,-2.16
2010-03-01,ldo,59.47,-1.6
2010-03-01,petrol,70.57,-0.64
2010-03-01,sko,61.5,-2.56
2010-04-01,e10,70.64,
2010-04-01,hsd,73.39,3.5
2010-04-01,jp1,54.54,3.29
2010-04-01,ldo,62.2,2.73
2010-04-01,petrol,73.14,2.57
2010-04-01,sko,64.81,3.31
2010-05-01,hsd,76.8,3.41
2010-05-01,ldo,65.76,3.56
2010-05-01,petrol,75.08,1.94
2010-05-01,sko,68.89,4.08
2010-06-01,hsd,75.72,-1.08
2010-06-01,jp1,55.36,
2010-06-01,ldo,62.61,-3.15
2010-06-01,petrol,69.04,-6.04
2010-06-01,sko,65.49,-3.4
2010-07-01,hsd,71.58,-4.14
2010-07-01,jp1,55.2,-0.16
2010-07-01,ldo,61.66,-0.95
2010-07-01,petrol,67.95,-1.09
2010-07-01,sko,65.38,-0.11
2010-08-01,hsd,73.03,1.45
2010-08-01,jp1,54.76,-0.44
2010-08-01,ldo,61.35,-0.31
2010-08-01,petrol,67.74,-0.21
2010-08-01,sko,64.85,-0.53
2010-09-01,hsd,74.6,1.57
2010-09-01,jp1,55.45,0.69
2010-09-01,ldo,62.67,1.32
2010-09-01,petrol,67.26,-0.48
2010-09-01,sko,65.57,0.72
2010-10-01,hsd,73.82,-0.78
2010-10-01,jp1,65.65,10.2
2010-10-01,ldo,62.34,-0.33
2010-10-01,petrol,66.99,-0.27
2010-10-01,sko,65.8,0.23
2010-10-22,hsd,113.29,39.47
2010-10-22,petrol,101.08,34.09
2010-10-22,sko,103.0,37.2
2010-11-01,hsd,78.33,-34.96
2010-11-01,jp1,60.26,
2010-11-01,ldo,66.61,
2010-11-01,petrol,72.96,-28.12
2010-11-01,sko,70.95,-32.05
2010-12-01,hsd,78.33,0.0
2010-12-01,jp1,61.18,0.92
2010-12-01,ldo,66.61,0.0
2010-12-01,petrol,72.96,0.0
2010-12-01,sko,70.95,0.0
2011-01-01,hsd,82.58,4.25
2011-01-01,jp1,64.65,3.47
2011-01-01,ldo,70.97,4.36
2011-01-01,petrol,79.67,6.71
2011-01-01,sko,74.99,4.04
2011-01-07,hsd,78.33,-4.25
2011-01-07,jp1,64.65,0.0
2011-01-07,ldo,66.61,-4.36
2011-01-07,petrol,72.96,-6.71
2011-01-07,sko,70.95,-4.04
2011-02-01,hsd,78.33,0.0
2011-02-01,jp1,68.48,3.83
2011-02-01,ldo,66.61,0.0
2011-02-01,petrol,72.96,0.0
2011-02-01,sko,70.95,0.0
2011-03-01,e10,77.69,
2011-03-01,hsd,86.09,7.76
2011-03-01,jp1,74.37,5.89
2011-03-01,ldo,73.21,6.6
2011-03-01,petrol,80.19,7.23
2011-03-01,sko,77.95,7.0
2011-03-05,e10,74.08,-3.61
2011-03-05,hsd,82.22,-3.87
2011-03-05,jp1,74.37,0.0
2011-03-05,ldo,69.91,-3.3
2011-03-05,petrol,76.58,-3.61
2011-03-05,sko,74.45,-3.5
2011-03-15,e10,74.08,0.0
2011-03-15,hsd,82.22,0.0
2011-03-15,jp1,74.37,0.0
2011-03-15,ldo,69.91,0.0
2011-03-15,petrol,76.58,0.0
2011-03-15,sko,74.45,0.0
2011-04-01,e10,81.06,6.98
2011-04-01,hsd,92.89,10.67
2011-04-01,jp1,82.95,8.58
2011-04-01,ldo,78.98,9.07
2011-04-01,petrol,83.56,6.98
2011-04-01,sko,84.1,9.65
2011-05-01,hsd,97.31,4.42
2011-05-01,jp1,86.44,3.49
2011-05-01,ldo,88.3,9.32
2011-05-01,petrol,88.41,4.85
2011-05-01,sko,89.7,5.6
2011-06-01,e10,84.2,
2011-06-01,hsd,94.11,-3.2
2011-06-01,jp1,83.91,-2.53
2011-06-01,ldo,88.3,0.0
2011-06-01,petrol,86.71,-1.7
2011-06-01,sko,84.65,-5.05
2011-07-01,e10,81.21,-2.99
2011-07-01,hsd,92.1,-2.01
2011-07-01,jp1,81.04,-2.87
2011-07-01,ldo,80.91,-7.39
2011-07-01,petrol,83.71,-3.0
2011-07-01,sko,84.65,0.0
2011-08-01,e10,82.3,1.09
2011-08-01,hsd,92.1,0.0
2011-08-01,jp1,83.04,2.0
2011-08-01,ldo,83.52,2.61
2011-08-01,petrol,84.8,1.09
2011-08-01,sko,86.62,1.97
2011-08-26,hsd,92.64,0.54
2011-08-26,ldo,83.52,0.0
2011-08-26,petrol,84.8,0.0
2011-08-26,sko,86.62,0.0
2011-10-01,e10,86.45,
2011-10-01,hsd,94.15,1.51
2011-10-01,jp1,79.12,
2011-10-01,ldo,83.52,0.0
2011-10-01,petrol,88.95,4.15
2011-10-01,sko,86.62,0.0
2011-11-01,e10,84.91,-1.54
2011-11-01,hsd,94.15,0.0
2011-11-01,jp1,76.75,-2.37
2011-11-01,ldo,81.99,-1.53
2011-11-01,petrol,87.41,-1.54
2011-11-01,sko,85.76,-0.86
2011-12-01,e10,85.39,0.48
2011-12-01,hsd,98.82,4.67
2011-12-01,jp1,81.88,5.13
2011-12-01,ldo,86.78,4.79
2011-12-01,petrol,87.89,0.48
2011-12-01,sko,89.24,3.48
2012-01-01,e10,87.05,1.66
2012-01-01,hsd,98.82,0.0
2012-01-01,jp1,81.88,0.0
2012-01-01,ldo,86.78,0.0
2012-01-01,petrol,89.54,1.65
2012-01-01,sko,89.24,0.0
2012-02-01,hsd,103.46,4.64
2012-02-01,jp1,83.43,1.55
2012-02-01,ldo,90.21,3.43
2012-02-01,petrol,94.91,5.37
2012-02-01,sko,92.02,2.78
2012-03-01,e10,95.17,
2012-03-01,hsd,103.46,0.0
2012-03-01,jp1,87.9,4.47
2012-03-01,ldo,93.29,3.08
2012-03-01,petrol,97.66,2.75
2012-03-01,sko,96.4,4.38
2012-04-01,e10,103.18,8.01
2012-04-01,hsd,108.16,4.7
2012-04-01,jp1,90.79,2.89
2012-04-01,ldo,98.74,5.45
2012-04-01,petrol,105.68,8.02
2012-04-01,sko,101.69,5.29
2012-04-04,hsd,107.0,-1.16
2012-04-04,jp1,90.79,0.0
2012-04-04,ldo,98.74,0.0
2012-04-04,petrol,103.36,-2.32
2012-04-04,sko,99.95,-1.74
2012-05-01,e10,100.86,
2012-05-01,hsd,107.0,0.0
2012-05-01,jp1,90.79,0.0
2012-05-01,ldo,98.74,0.0
2012-05-01,petrol,103.36,0.0
2012-05-01,sko,99.95,0.0
2012-06-01,e10,97.47,-3.39
2012-06-01,hsd,105.77,-1.23
2012-06-01,jp1,87.13,-3.66
2012-06-01,ldo,91.59,-7.15
2012-06-01,petrol,99.97,-3.39
2012-06-01,sko,94.05,-5.9
2012-06-16,e10,87.01,-10.46
2012-06-16,hsd,99.69,-6.08
2012-06-16,jp1,78.43,-8.7
2012-06-16,ldo,86.57,-5.02
2012-06-16,petrol,89.51,-10.46
2012-06-16,sko,88.79,-5.26
2012-07-01,e10,81.99,-5.02
2012-07-01,hsd,97.21,-2.48
2012-07-01,jp1,75.95,-2.48
2012-07-01,ldo,83.71,-2.86
2012-07-01,petrol,84.99,-4.52
2012-07-01,sko,86.25,-2.54
2012-07-16,e10,83.4,1.41
2012-07-16,hsd,97.21,0.0
2012-07-16,jp1,77.92,1.97
2012-07-16,ldo,85.33,1.62
2012-07-16,petrol,85.9,0.91
2012-07-16,sko,88.19,1.94
2012-08-01,hsd,101.79,4.58
2012-08-01,jp1,82.36,4.44
2012-08-01,ldo,90.11,4.78
2012-08-01,petrol,93.57,7.67
2012-08-01,sko,92.83,4.64
2012-08-16,hsd,101.79,0.0
2012-08-16,petrol,93.57,0.0
2012-08-16,sko,92.83,0.0
2012-08-23,hsd,106.19,4.4
2012-08-23,ldo,93.3,
2012-08-23,petrol,96.78,3.21
2012-08-23,sko,96.35,3.52
2012-09-01,hsd,112.13,5.94
2012-09-01,ldo,98.84,5.54
2012-09-01,petrol,104.55,7.77
2012-09-01,sko,102.21,5.86
2012-09-10,hsd,115.52,3.39
2012-09-10,jp1,93.67,
2012-09-10,ldo,99.41,0.57
2012-09-10,petrol,99.9,-4.65
2012-09-10,sko,104.0,1.79
2012-09-17,hsd,113.77,-1.75
2012-09-17,jp1,94.25,0.58
2012-09-17,ldo,99.27,-0.14
2012-09-17,petrol,106.72,6.82
2012-09-17,sko,104.68,0.68
2012-09-24,hsd,113.3,-0.47
2012-09-24,ldo,97.17,-2.1
2012-09-24,petrol,108.45,1.73
2012-09-24,sko,101.36,-3.32
2012-10-01,e10,99.95,
2012-10-01,hsd,113.16,-0.14
2012-10-01,jp1,90.42,
2012-10-01,ldo,96.22,-0.95
2012-10-01,petrol,102.45,-6.0
2012-10-01,sko,101.23,-0.13
2012-10-08,hsd,110.46,-2.7
2012-10-08,ldo,96.7,0.48
2012-10-08,petrol,105.49,3.04
2012-10-08,sko,101.95,0.72
2012-10-15,hsd,113.62,3.16
2012-10-15,jp1,93.08,
2012-10-15,ldo,97.93,1.23
2012-10-15,petrol,103.4,-2.09
2012-10-15,sko,103.87,1.92
2012-10-22,hsd,113.29,-0.33
2012-10-22,jp1,92.46,-0.62
2012-10-22,ldo,97.68,-0.25
2012-10-22,petrol,101.08,-2.32
2012-10-22,sko,103.0,-0.87
2012-11-22,e10,100.15,
2012-11-22,hsd,109.77,-3.52
2012-11-22,jp1,88.22,-4.24
2012-11-22,ldo,93.89,-3.79
2012-11-22,petrol,102.65,1.57
2012-11-22,sko,99.03,-3.97
2012-12-22,e10,98.92,-1.23
2012-12-22,hsd,110.13,0.36
2012-12-22,jp1,88.04,-0.18
2012-12-22,ldo,94.34,0.45
2012-12-22,petrol,101.42,-1.23
2012-12-22,sko,98.81,-0.22
2013-01-22,e10,100.57,1.65
2013-01-22,hsd,109.21,-0.92
2013-01-22,jp1,89.24,1.2
2013-01-22,ldo,94.33,-0.01
2013-01-22,petrol,103.07,1.65
2013-01-22,sko,99.9,1.09
2013-03-01,e10,104.1,3.53
2013-03-01,hsd,113.56,4.35
2013-03-01,petrol,106.6,3.53
2013-03-01,sko,103.69,3.79
2013-03-04,e10,100.57,-3.53
2013-03-04,hsd,109.21,-4.35
2013-03-04,jp1,93.52,
2013-03-04,ldo,94.78,
2013-03-04,petrol,103.07,-3.53
2013-03-04,sko,99.9,-3.79
2013-04-01,hsd,108.59,-0.62
2013-04-01,jp1,88.65,-4.87
2013-04-01,ldo,93.28,-1.5
2013-04-01,petrol,102.3,-0.77
2013-04-01,sko,98.26,-1.64
2013-05-01,hsd,106.06,-2.53
2013-05-01,jp1,83.44,-5.21
2013-05-01,ldo,89.06,-4.22
2013-05-01,petrol,97.59,-4.71
2013-05-01,sko,94.17,-4.09
2013-06-01,hsd,104.6,-1.46
2013-06-01,jp1,83.08,-0.36
2013-06-01,ldo,89.13,0.07
2013-06-01,petrol,99.77,2.18
2013-06-01,sko,93.79,-0.38
2013-06-13,e10,98.13,
2013-06-13,hsd,105.5,0.9
2013-06-13,jp1,83.8,0.72
2013-06-13,ldo,89.9,0.77
2013-06-13,petrol,100.63,0.86
2013-06-13,sko,94.59,0.8
2013-06-21,e10,97.27,-0.86
2013-06-21,hsd,104.6,-0.9
2013-06-21,jp1,83.08,-0.72
2013-06-21,ldo,89.13,-0.77
2013-06-21,petrol,99.77,-0.86
2013-06-21,sko,93.79,-0.8
2013-07-09,e10,99.27,2.0
2013-07-09,hsd,106.76,2.16
2013-07-09,jp1,84.9,1.82
2013-07-09,ldo,92.17,3.04
2013-07-09,petrol,101.77,2.0
2013-07-09,sko,96.29,2.5
2013-08-01,e10,102.0,2.73
2013-08-01,hsd,109.76,3.0
2013-08-01,jp1,89.88,4.98
2013-08-01,ldo,96.12,3.95
2013-08-01,petrol,104.5,2.73
2013-08-01,sko,101.28,4.99
2013-09-01,e10,106.63,4.63
2013-09-01,hsd,112.26,2.5
2013-09-01,jp1,94.29,4.41
2013-09-01,ldo,98.43,2.31
2013-09-01,petrol,109.13,4.63
2013-09-01,sko,105.99,4.71
2013-10-01,e10,110.74,4.11
2013-10-01,hsd,116.95,4.69
2013-10-01,ldo,101.24,2.81
2013-10-01,petrol,113.24,4.11
2013-10-01,sko,108.13,2.14
2013-11-01,e10,110.26,-0.48
2013-11-01,hsd,116.75,-0.2
2013-11-01,jp1,96.35,
2013-11-01,ldo,101.24,0.0
2013-11-01,petrol,112.76,-0.48
2013-11-01,sko,108.0,-0.13
2013-12-01,e10,110.26,0.0
2013-12-01,hsd,116.75,0.0
2013-12-01,jp1,97.44,1.09
2013-12-01,ldo,101.24,0.0
2013-12-01,petrol,112.76,0.0
2013-12-01,sko,108.0,0.0
2014-01-01,e10,110.26,0.0
2014-01-01,hsd,116.75,0.0
2014-01-01,jp1,100.18,2.74
2014-01-01,ldo,101.24,0.0
2014-01-01,petrol,112.76,0.0
2014-01-01,sko,108.0,0.0
2014-02-01,e10,110.26,0.0
2014-02-01,hsd,116.75,0.0
2014-02-01,jp1,95.27,-4.91
2014-02-01,ldo,100.22,-1.02
2014-02-01,petrol,112.76,0.0
2014-02-01,sko,106.76,-1.24
2014-03-01,e10,107.53,-2.73
2014-03-01,hsd,116.75,0.0
2014-03-01,jp1,95.5,0.23
2014-03-01,ldo,100.22,0.0
2014-03-01,petrol,110.03,-2.73
2014-03-01,sko,106.76,0.0
2014-04-01,e10,105.81,-1.72
2014-04-01,hsd,113.85,-2.9
2014-04-01,jp1,89.22,-6.28
2014-04-01,ldo,95.06,-5.16
2014-04-01,petrol,108.31,-1.72
2014-04-01,sko,101.15,-5.61
2014-05-01,e10,105.48,-0.33
2014-05-01,hsd,109.34,-4.51
2014-05-01,jp1,86.77,-2.45
2014-05-01,ldo,94.13,-0.93
2014-05-01,petrol,107.97,-0.34
2014-05-01,sko,98.07,-3.08
2014-06-01,e10,105.48,0.0
2014-06-01,hsd,109.34,0.0
2014-06-01,jp1,87.13,0.36
2014-06-01,ldo,94.13,0.0
2014-06-01,petrol,107.97,0.0
2014-06-01,sko,97.4,-0.67
2014-07-01,e10,105.48,0.0
2014-07-01,hsd,109.34,0.0
2014-07-01,jp1,86.71,-0.42
2014-07-01,ldo,94.13,0.0
2014-07-01,petrol,107.97,0.0
2014-07-01,sko,97.4,0.0
2014-08-01,e10,105.48,0.0
2014-08-01,hsd,109.34,0.0
2014-08-01,jp1,86.74,0.03
2014-08-01,ldo,93.27,-0.86
2014-08-01,petrol,107.97,0.0
2014-08-01,sko,97.05,-0.35
2014-09-01,e10,104.06,-1.42
2014-09-01,hsd,108.34,-1.0
2014-09-01,petrol,106.56,-1.41
2014-09-01,sko,96.99,-0.06
2014-10-01,e10,101.12,-2.94
2014-10-01,hsd,107.39,-0.95
2014-10-01,jp1,85.2,
2014-10-01,ldo,91.41,
2014-10-01,petrol,103.62,-2.94
2014-10-01,sko,95.68,-1.31
2014-11-01,e10,91.69,-9.43
2014-11-01,hsd,101.21,-6.18
2014-11-01,jp1,77.36,-7.84
2014-11-01,ldo,83.37,-8.04
2014-11-01,petrol,94.19,-9.43
2014-11-01,sko,87.52,-8.16
2014-12-01,e10,82.03,-9.66
2014-12-01,hsd,94.09,-7.12
2014-12-01,jp1,70.29,-7.07
2014-12-01,ldo,77.98,-5.39
2014-12-01,petrol,84.53,-9.66
2014-12-01,sko,83.18,-4.34
2015-01-01,e10,75.78,-6.25
2015-01-01,hsd,86.23,-7.86
2015-01-01,jp1,59.1,-11.19
2015-01-01,petrol,78.28,-6.25
2015-02-01,e10,67.79,-7.99
2015-02-01,hsd,80.61,-5.62
2015-02-01,petrol,70.29,-7.99
2015-03-01,e10,67.79,0.0
2015-03-01,hsd,80.61,0.0
2015-03-01,petrol,70.29,0.0
2015-04-01,e10,71.79,4.0
2015-04-01,hsd,83.61,3.0
2015-04-01,petrol,74.29,4.0
2015-05-01,e10,71.79,0.0
2015-05-01,hsd,83.61,0.0
2015-05-01,jp1,53.41,
2015-05-01,petrol,74.29,0.0
2015-06-01,e10,75.29,3.5
2015-06-01,hsd,87.12,3.51
2015-06-01,jp1,58.36,4.95
2015-06-01,petrol,77.79,3.5
2015-07-01,e10,75.29,0.0
2015-07-01,hsd,87.11,-0.01
2015-07-01,jp1,55.81,-2.55
2015-07-01,petrol,77.79,0.0
2015-08-01,e10,75.29,0.0
2015-08-01,hsd,85.05,-2.06
2015-08-01,petrol,76.76,-1.03
2015-09-01,e10,71.26,-4.03
2015-09-01,hsd,82.04,-3.01
2015-09-01,petrol,73.76,-3.0
2015-10-01,e10,71.26,0.0
2015-10-01,hsd,82.04,0.0
2015-10-01,petrol,73.76,0.0
2015-11-01,e10,75.56,4.3
2015-11-01,hsd,83.79,1.75
2015-11-01,petrol,76.26,2.5
2015-12-01,e10,73.76,-1.8
2015-12-01,hsd,83.79,0.0
2015-12-01,jp1,45.24,
2015-12-01,petrol,76.26,0.0
2015-12-23,hsd,12.0,-71.79
2015-12-23,jp1,12.0,-33.24
2015-12-23,ldo,12.0,
2015-12-23,petrol,12.0,-64.26
2015-12-23,sko,12.0,
2016-01-01,e10,73.75,
2016-01-01,hsd,80.79,68.79
2016-01-01,petrol,76.25,64.25
2016-02-01,e10,68.75,-5.0
2016-02-01,hsd,75.79,-5.0
2016-02-01,petrol,71.25,-5.0
2016-03-01,e10,60.27,-8.48
2016-03-01,hsd,71.12,-4.67
2016-03-01,petrol,62.77,-8.48
2016-04-01,e10,61.78,1.51
2016-04-01,hsd,72.52,1.4
2016-04-01,petrol,64.27,1.5
2016-05-01,e10,61.78,0.0
2016-05-01,hsd,72.52,0.0
2016-05-01,petrol,64.27,0.0
2016-05-02,hsd,22.0,-50.52
2016-05-02,jp1,22.0,
2016-05-02,ldo,22.0,
2016-05-02,petrol,2222.0,2157.73
2016-05-02,sko,22.0,
2016-06-01,e10,61.78,
2016-06-01,hsd,72.52,50.52
2016-06-01,petrol,64.27,-2157.73
2016-07-01,e10,61.78,0.0
2016-07-01,hsd,72.52,0.0
2016-07-01,petrol,64.27,0.0
2016-08-01,e10,61.78,0.0
2016-08-01,hsd,72.52,0.0
2016-08-01,petrol,64.27,0.0
2016-09-01,e10,61.78,0.0
2016-09-01,hsd,72.52,0.0
2016-09-01,petrol,64.27,0.0
2016-10-01,hsd,72.52,0.0
2016-10-01,petrol,64.27,0.0
2016-11-01,e10,61.78,
2016-11-01,hsd,72.52,0.0
2016-11-01,petrol,64.27,0.0
2016-12-01,e10,63.77,1.99
2016-12-01,hsd,75.22,2.7
2016-12-01,petrol,66.27,2.0
2017-01-01,e10,63.77,0.0
2017-01-01,hsd,75.22,0.0
2017-01-01,petrol,66.27,0.0
2017-01-16,e10,65.54,1.77
2017-01-16,hsd,77.22,2.0
2017-01-16,petrol,68.04,1.77
2017-02-01,e10,67.79,2.25
2017-02-01,hsd,79.48,2.26
2017-02-01,petrol,70.29,2.25
2017-02-16,e10,68.8,1.01
2017-02-16,hsd,80.48,1.0
2017-02-16,petrol,71.29,1.0
2017-03-01,e10,70.5,1.7
2017-03-01,hsd,82.0,1.52
2017-03-01,petrol,73.0,1.71
2017-04-01,e10,71.5,1.0
2017-04-01,hsd,83.0,1.0
2017-04-01,petrol,74.0,1.0
2017-05-01,e10,71.5,0.0
2017-05-01,hsd,83.0,0.0
2017-05-01,petrol,74.0,0.0
2017-06-01,e10,70.31,-1.19
2017-06-01,hsd,81.4,-1.6
2017-06-01,petrol,72.8,-1.2
2017-07-01,e10,68.8,-1.51
2017-07-01,hsd,79.9,-1.5
2017-07-01,petrol,71.3,-1.5
2017-08-01,e10,68.8,0.0
2017-08-01,hsd,79.9,0.0
2017-08-01,petrol,71.3,0.0
2017-08-06,e10,67.01,-1.79
2017-08-06,hsd,77.4,-2.5
2017-08-06,petrol,69.5,-1.8
2017-09-01,e10,69.01,2.0
2017-09-01,hsd,77.4,0.0
2017-09-01,petrol,71.5,2.0
2017-10-01,e10,71.0,1.99
2017-10-01,hsd,79.4,2.0
2017-10-01,petrol,73.5,2.0
2017-11-01,e10,73.49,2.49
2017-11-01,hsd,84.59,5.19
2017-11-01,petrol,75.99,2.49
2017-12-01,e10,74.97,1.48
2017-12-01,hsd,85.95,1.36
2017-12-01,petrol,77.47,1.48
2018-01-01,hsd,89.91,3.96
2018-01-01,petrol,81.53,4.06
2018-02-01,e10,82.01,
2018-02-01,hsd,95.83,5.92
2018-02-01,petrol,84.51,2.98
2018-03-01,e10,85.57,3.56
2018-03-01,hsd,98.45,2.62
2018-03-01,petrol,88.07,3.56
2018-04-01,e10,83.5,-2.07
2018-04-01,hsd,96.45,-2.0
2018-04-01,jp1,65.58,
2018-04-01,petrol,86.0,-2.07
2018-05-01,e10,85.2,1.7
2018-05-01,hsd,98.76,2.31
2018-05-01,petrol,87.7,1.7
2018-06-01,e10,85.2,0.0
2018-06-01,hsd,98.76,0.0
2018-06-01,petrol,87.7,0.0
2018-06-12,e10,89.46,4.26
2018-06-12,hsd,105.31,6.55
2018-06-12,petrol,91.96,4.26
2018-07-01,e10,97.0,7.54
2018-07-01,hsd,119.31,14.0
2018-07-01,petrol,99.5,7.54
2018-07-08,e10,92.73,-4.27
2018-07-08,hsd,112.94,-6.37
2018-07-08,petrol,95.24,-4.26
2018-08-01,e10,92.75,0.02
2018-08-01,hsd,112.94,0.0
2018-08-01,petrol,95.24,0.0
2018-09-01,hsd,106.57,-6.37
2018-09-01,petrol,92.83,-2.41
2018-10-01,e10,90.34,
2018-10-01,hsd,106.57,0.0
2018-10-01,petrol,92.83,0.0
2018-11-01,e10,98.44,8.1
2018-11-01,hsd,112.94,6.37
2018-11-01,petrol,97.83,5.0
2018-12-01,e10,93.33,-5.11
2018-12-01,hsd,110.94,-2.0
2018-12-01,jp1,72.15,
2018-12-01,petrol,95.83,-2.0
2019-01-01,e10,88.48,-4.85
2019-01-01,hsd,106.68,-4.26
2019-01-01,petrol,90.97,-4.86
2019-02-01,e10,87.88,-0.6
2019-02-01,hsd,106.68,0.0
2019-02-01,jp1,61.59,
2019-02-01,petrol,90.38,-0.59
2019-03-01,e10,90.39,2.51
2019-03-01,hsd,111.43,4.75
2019-03-01,petrol,92.89,2.51
2019-04-01,e10,96.38,5.99
2019-04-01,hsd,117.43,6.0
2019-04-01,petrol,98.89,6.0
2019-05-01,e10,96.38,0.0
2019-05-01,hsd,117.43,0.0
2019-05-01,jp1,73.29,
2019-05-01,petrol,98.89,0.0
2019-05-05,hsd,122.32,4.89
2019-05-05,petrol,108.42,9.53
2019-06-01,e10,110.18,
2019-06-01,hsd,126.82,4.5
2019-06-01,petrol,112.68,4.26
2019-07-01,e10,110.18,0.0
2019-07-01,hsd,126.82,0.0
2019-07-01,petrol,112.68,0.0
2019-08-01,e10,115.33,5.15
2019-08-01,hsd,132.47,5.65
2019-08-01,petrol,117.83,5.15
2019-09-01,e10,110.74,-4.59
2019-09-01,hsd,127.14,-5.33
2019-09-01,petrol,113.24,-4.59
2019-10-01,e10,110.74,0.0
2019-10-01,hsd,127.14,0.0
2019-10-01,petrol,113.24,0.0
2019-11-01,e10,111.74,1.0
2019-11-01,hsd,127.41,0.27
2019-11-01,petrol,114.24,1.0
2019-12-01,e10,111.49,-0.25
2019-12-01,hsd,125.01,-2.4
2019-12-01,petrol,113.99,-0.25
2020-01-01,e10,114.1,2.61
2020-01-01,hsd,127.26,2.25
2020-01-01,petrol,116.6,2.61
2020-02-01,e10,114.1,0.0
2020-02-01,hsd,127.26,0.0
2020-02-01,petrol,116.6,0.0
2020-03-01,e10,109.09,-5.01
2020-03-01,hsd,122.25,-5.01
2020-03-01,petrol,111.59,-5.01
2020-03-25,e10,94.08,-15.01
2020-03-25,hsd,107.25,-15.0
2020-03-25,petrol,96.58,-15.01
2020-05-01,e10,79.08,-15.0
2020-05-01,hsd,80.1,-27.15
2020-05-01,petrol,81.58,-15.0
2020-06-01,e10,72.03,-7.05
2020-06-01,hsd,80.15,0.05
2020-06-01,petrol,74.52,-7.06
2020-06-26,e10,95.05,23.02
2020-06-26,hsd,101.46,21.31
2020-06-26,petrol,100.11,25.59
2020-08-01,e10,101.47,6.42
2020-08-01,hsd,106.46,5.0
2020-08-01,petrol,103.97,3.86
2020-09-01,e10,101.47,0.0
2020-09-01,hsd,106.46,0.0
2020-09-01,jp1,52.83,
2020-09-01,ldo,62.86,
2020-09-01,petrol,103.97,0.0
2020-09-01,sko,65.29,
2020-09-16,e10,101.47,0.0
2020-09-16,hsd,106.46,0.0
2020-09-16,petrol,103.97,0.0
2020-10-01,e10,101.47,0.0
2020-10-01,hsd,104.06,-2.4
2020-10-01,petrol,103.97,0.0
2020-10-16,e10,101.47,0.0
2020-10-16,hsd,104.06,0.0
2020-10-16,petrol,103.97,0.0
2020-11-01,e10,99.91,-1.56
2020-11-01,hsd,103.22,-0.84
2020-11-01,petrol,102.4,-1.57
2020-11-16,e10,98.19,-1.72
2020-11-16,hsd,101.43,-1.79
2020-11-16,petrol,100.69,-1.71
2020-12-01,e10,98.19,0.0
2020-12-01,hsd,105.43,4.0
2020-12-01,petrol,100.69,0.0
2020-12-16,e10,101.19,3.0
2020-12-16,hsd,108.44,3.01
2020-12-16,ldo,67.86,
2020-12-16,petrol,103.69,3.0
2021-01-01,e10,103.5,2.31
2021-01-01,hsd,110.24,1.8
2021-01-01,petrol,106.0,2.31
2021-01-16,e10,106.7,3.2
2021-01-16,hsd,113.19,2.95
2021-01-16,jp1,66.71,
2021-01-16,ldo,78.23,
2021-01-16,petrol,109.2,3.2
2021-01-16,sko,76.65,
2021-02-01,e10,109.4,2.7
2021-02-01,hsd,116.08,2.89
2021-02-01,petrol,111.9,2.7
2021-02-16,e10,109.4,0.0
2021-02-16,hsd,116.08,0.0
2021-02-16,petrol,111.9,0.0
2021-03-01,e10,109.4,0.0
2021-03-01,hsd,116.08,0.0
2021-03-01,petrol,111.9,0.0
2021-03-16,e10,109.4,0.0
2021-03-16,hsd,116.08,0.0
2021-03-16,petrol,111.9,0.0
2021-04-01,e10,107.85,-1.55
2021-04-01,hsd,113.08,-3.0
2021-04-01,petrol,110.35,-1.55
2021-04-16,e10,106.06,-1.79
2021-04-16,hsd,110.76,-2.32
2021-04-16,petrol,108.56,-1.79
2021-05-01,e10,106.06,0.0
2021-05-01,hsd,110.76,0.0
2021-05-01,jp1,77.35,
2021-05-01,ldo,77.65,
2021-05-01,petrol,108.56,0.0
2021-05-01,sko,80.0,
2021-05-18,e10,106.06,0.0
2021-05-18,hsd,110.76,0.0
2021-05-18,jp1,80.41,3.06
2021-05-18,ldo,77.65,0.0
2021-05-18,petrol,108.56,0.0
2021-05-18,sko,80.0,0.0
2021-06-01,e10,106.06,0.0
2021-06-01,hsd,110.76,0.0
2021-06-01,petrol,108.56,0.0
2021-06-01,sko,80.0,0.0
2021-06-16,e10,108.19,2.13
2021-06-16,hsd,112.55,1.79
2021-06-16,petrol,110.69,2.13
2021-06-16,sko,81.89,1.89
2021-07-01,e10,113.61,5.42
2021-07-01,hsd,113.99,1.44
2021-07-01,petrol,112.69,2.0
2021-07-16,e10,118.25,4.64
2021-07-16,hsd,116.53,2.54
2021-07-16,jp1,90.58,
2021-07-16,ldo,84.67,
2021-07-16,petrol,118.09,5.4
2021-07-16,sko,87.14,
2021-08-01,e10,119.33,1.08
2021-08-01,hsd,116.53,0.0
2021-08-01,jp1,90.59,0.01
2021-08-01,ldo,84.67,0.0
2021-08-01,petrol,119.8,1.71
2021-08-01,sko,87.49,0.35
2021-08-16,e10,119.62,0.29
2021-08-16,hsd,116.53,0.0
2021-08-16,jp1,91.48,0.89
2021-08-16,ldo,85.77,1.1
2021-08-16,petrol,119.8,0.0
2021-08-16,sko,88.3,0.81
2021-09-01,e10,116.49,-3.13
2021-09-01,hsd,115.03,-1.5
2021-09-01,jp1,87.43,-4.05
2021-09-01,ldo,84.77,-1.0
2021-09-01,petrol,118.3,-1.5
2021-09-01,sko,86.8,-1.5
2021-09-16,e10,120.8,4.31
2021-09-16,hsd,120.04,5.01
2021-09-16,jp1,93.45,6.02
2021-09-16,ldo,90.69,5.92
2021-09-16,petrol,123.3,5.0
2021-09-16,sko,92.26,5.46
2021-10-01,e10,125.32,4.52
2021-10-01,hsd,122.04,2.0
2021-10-01,jp1,100.63,7.18
2021-10-01,ldo,99.51,8.82
2021-10-01,petrol,127.3,4.0
2021-10-01,sko,99.31,7.05
2021-10-16,e10,135.64,10.32
2021-10-16,hsd,134.48,12.44
2021-10-16,jp1,112.64,12.01
2021-10-16,ldo,108.35,8.84
2021-10-16,petrol,137.79,10.49
2021-10-16,sko,110.26,10.95
2021-11-01,e10,135.45,-0.19
2021-11-01,hsd,134.48,0.0
2021-11-01,jp1,120.71,8.07
2021-11-01,ldo,108.35,0.0
2021-11-01,petrol,137.79,0.0
2021-11-01,sko,110.26,0.0
2021-11-05,e10,146.81,11.36
2021-11-05,hsd,142.62,8.14
2021-11-05,jp1,120.71,0.0
2021-11-05,ldo,114.07,5.72
2021-11-05,petrol,145.82,8.03
2021-11-05,sko,116.53,6.27
2021-11-16,e10,149.01,2.2
2021-11-16,hsd,142.62,0.0
2021-11-16,jp1,117.05,-3.66
2021-11-16,ldo,114.07,0.0
2021-11-16,petrol,145.82,0.0
2021-11-16,sko,116.53,0.0
2021-12-01,e10,143.33,-5.68
2021-12-01,hsd,142.62,0.0
2021-12-01,jp1,113.5,-3.55
2021-12-01,ldo,114.07,0.0
2021-12-01,petrol,145.82,0.0
2021-12-01,sko,116.53,0.0
2021-12-16,e10,138.32,-5.01
2021-12-16,hsd,137.62,-5.0
2021-12-16,jp1,105.83,-7.67
2021-12-16,ldo,107.06,-7.01
2021-12-16,petrol,140.82,-5.0
2021-12-16,sko,109.53,-7.0
2022-01-01,e10,142.32,4.0
2022-01-01,hsd,141.62,4.0
2022-01-01,jp1,110.1,4.27
2022-01-01,ldo,111.21,4.15
2022-01-01,petrol,144.82,4.0
2022-01-01,sko,113.48,3.95
2022-01-16,e10,145.33,3.01
2022-01-16,hsd,144.62,3.0
2022-01-16,jp1,108.96,-1.14
2022-01-16,ldo,114.54,3.33
2022-01-16,petrol,147.83,3.01
2022-01-16,sko,116.48,3.0
2022-02-01,e10,125.83,-19.5
2022-02-01,hsd,144.62,0.0
2022-02-01,jp1,129.2,20.24
2022-02-01,ldo,114.54,0.0
2022-02-01,petrol,147.83,0.0
2022-02-01,sko,116.48,0.0
2022-02-16,e10,134.49,8.66
2022-02-16,hsd,154.15,9.53
2022-02-16,jp1,140.65,11.45
2022-02-16,ldo,123.97,9.43
2022-02-16,petrol,159.86,12.03
2022-02-16,sko,126.56,10.08
2022-03-01,e10,161.5,27.01
2022-03-01,hsd,144.15,-10.0
2022-03-01,jp1,140.44,-0.21
2022-03-01,ldo,118.31,-5.66
2022-03-01,petrol,149.86,-10.0
2022-03-01,sko,125.56,-1.0
2022-03-16,e10,188.16,26.66
2022-03-16,hsd,144.15,0.0
2022-03-16,jp1,171.25,30.81
2022-03-16,ldo,118.31,0.0
2022-03-16,petrol,149.86,0.0
2022-03-16,sko,125.56,0.0
2022-04-01,e10,189.59,1.43
2022-04-01,hsd,144.15,0.0
2022-04-01,petrol,149.86,0.0
2022-04-01,sko,125.56,0.0
2022-04-16,e10,186.66,-2.93
2022-04-16,hsd,144.15,0.0
2022-04-16,petrol,149.86,0.0
2022-04-16,sko,125.56,0.0
2022-05-01,e10,194.9,8.24
2022-05-01,hsd,144.15,0.0
2022-05-01,jp1,191.07,
2022-05-01,ldo,118.31,
2022-05-01,petrol,149.86,0.0
2022-05-01,sko,125.56,0.0
2022-05-16,e10,213.23,18.33
2022-05-16,hsd,144.15,0.0
2022-05-16,petrol,149.86,0.0
2022-05-16,sko,125.56,0.0
2022-05-27,e10,213.23,0.0
2022-05-27,hsd,174.15,30.0
2022-05-27,jp1,201.23,
2022-05-27,ldo,148.31,
2022-05-27,petrol,179.86,30.0
2022-05-27,sko,155.56,30.0
2022-06-01,e10,236.46,23.23
2022-06-01,hsd,174.15,0.0
2022-06-01,petrol,179.86,0.0
2022-06-01,sko,155.56,0.0
2022-06-03,e10,236.46,0.0
2022-06-03,hsd,204.15,30.0
2022-06-03,jp1,206.05,
2022-06-03,ldo,178.31,
2022-06-03,petrol,209.86,30.0
2022-06-03,sko,181.94,26.38
2022-06-16,e10,251.51,15.05
2022-06-16,hsd,263.31,59.16
2022-06-16,petrol,233.89,24.03
2022-06-16,sko,211.43,29.49
2022-07-01,e10,255.77,4.26
2022-07-01,hsd,276.54,13.23
2022-07-01,jp1,277.84,
2022-07-01,ldo,226.15,
2022-07-01,petrol,248.74,14.85
2022-07-01,sko,230.26,18.83
2022-07-15,e10,236.12,-19.65
2022-07-15,hsd,236.0,-40.54
2022-07-15,jp1,216.08,-61.76
2022-07-15,ldo,191.44,-34.71
2022-07-15,petrol,230.24,-18.5
2022-07-15,sko,196.45,-33.81
2022-08-01,e10,224.69,-11.43
2022-08-01,hsd,244.95,8.95
2022-08-01,jp1,215.2,-0.88
2022-08-01,ldo,191.32,-0.12
2022-08-01,petrol,227.19,-3.05
2022-08-01,sko,201.07,4.62
2022-08-16,e10,231.41,6.72
2022-08-16,hsd,244.44,-0.51
2022-08-16,petrol,233.91,6.72
2022-08-16,sko,199.4,-1.67
2022-09-01,hsd,247.43,2.99
2022-09-01,petrol,235.98,2.07
2022-09-01,sko,210.32,10.92
2022-09-21,hsd,247.43,0.0
2022-09-21,jp1,215.95,
2022-09-21,ldo,197.28,
2022-09-21,petrol,237.43,1.45
2022-09-21,sko,202.02,-8.3
2022-10-01,hsd,235.3,-12.13
2022-10-01,petrol,224.8,-12.63
2022-10-01,sko,191.83,-10.19
2022-10-16,hsd,235.3,0.0
2022-10-16,petrol,224.8,0.0
2022-10-16,sko,191.83,0.0
2022-11-01,hsd,235.3,0.0
2022-11-01,jp1,214.0,
2022-11-01,ldo,186.5,
2022-11-01,petrol,224.8,0.0
2022-11-01,sko,191.83,0.0
2022-11-16,hsd,235.3,0.0
2022-11-16,jp1,209.79,-4.21
2022-11-16,ldo,186.5,0.0
2022-11-16,petrol,224.8,0.0
2022-11-16,sko,191.83,0.0
2022-12-01,hsd,235.3,0.0
2022-12-01,jp1,197.65,-12.14
2022-12-01,ldo,179.0,-7.5
2022-12-01,petrol,224.8,0.0
2022-12-01,sko,181.83,-10.0
2022-12-16,hsd,227.8,-7.5
2022-12-16,jp1,196.5,-1.15
2022-12-16,ldo,169.0,-10.0
2022-12-16,petrol,214.8,-10.0
2022-12-16,sko,171.83,-10.0
2023-01-01,hsd,227.8,0.0
2023-01-01,jp1,189.11,-7.39
2023-01-01,ldo,169.0,0.0
2023-01-01,petrol,214.8,0.0
2023-01-01,sko,171.83,0.0
2023-01-16,hsd,227.8,0.0
2023-01-16,petrol,214.8,0.0
2023-01-16,sko,171.83,0.0
2023-01-29,hsd,262.8,35.0
2023-01-29,jp1,213.84,
2023-01-29,ldo,187.0,
2023-01-29,petrol,249.8,35.0
2023-01-29,sko,189.83,18.0
2023-02-16,hsd,280.0,17.2
2023-02-16,jp1,255.34,41.5
2023-02-16,ldo,196.68,9.68
2023-02-16,petrol,272.0,22.2
2023-02-16,sko,202.73,12.9
2023-03-01,hsd,280.0,0.0
2023-03-01,jp1,203.8,-51.54
2023-03-01,ldo,184.68,-12.0
2023-03-01,petrol,267.0,-5.0
2023-03-01,sko,187.73,-15.0
2023-03-16,hsd,293.0,13.0
2023-03-16,jp1,231.56,27.76
2023-03-16,ldo,184.68,0.0
2023-03-16,petrol,272.0,5.0
2023-03-16,sko,190.29,2.56
2023-04-01,hsd,293.0,0.0
2023-04-01,jp1,230.83,-0.73
2023-04-01,ldo,174.68,-10.0
2023-04-01,petrol,272.0,0.0
2023-04-01,sko,180.29,-10.0
2023-04-16,hsd,293.0,0.0
2023-04-16,jp1,219.27,-11.56
2023-04-16,ldo,174.68,0.0
2023-04-16,petrol,282.0,10.0
2023-04-16,sko,186.07,5.78
2023-05-01,hsd,288.0,-5.0
2023-05-01,jp1,216.24,-3.03
2023-05-01,ldo,164.68,-10.0
2023-05-01,petrol,282.0,0.0
2023-05-01,sko,176.07,-10.0
2023-05-16,hsd,258.0,-30.0
2023-05-16,jp1,203.86,-12.38
2023-05-16,ldo,152.68,-12.0
2023-05-16,petrol,270.0,-12.0
2023-05-16,sko,164.07,-12.0
2023-06-01,hsd,253.0,-5.0
2023-06-01,jp1,207.64,3.78
2023-06-01,ldo,147.68,-5.0
2023-06-01,petrol,262.0,-8.0
2023-06-01,sko,164.07,0.0
2023-06-16,hsd,253.0,0.0
2023-06-16,jp1,186.66,-20.98
2023-06-16,ldo,150.2,2.52
2023-06-16,petrol,262.0,0.0
2023-06-16,sko,164.07,0.0
2023-07-01,hsd,260.5,7.5
2023-07-01,jp1,214.01,27.35
2023-07-01,ldo,154.22,4.02
2023-07-01,petrol,262.0,0.0
2023-07-01,sko,171.05,6.98
2023-07-16,hsd,253.5,-7.0
2023-07-16,jp1,194.05,-19.96
2023-07-16,ldo,156.45,2.23
2023-07-16,petrol,253.0,-9.0
2023-07-16,sko,172.39,1.34
2023-08-01,hsd,273.4,19.9
2023-08-01,petrol,272.95,19.95
2023-08-01,sko,192.38,19.99
2023-08-16,hsd,293.4,20.0
2023-08-16,jp1,249.58,
2023-08-16,ldo,199.79,
2023-08-16,petrol,290.45,17.5
2023-08-16,sko,217.15,24.77
2023-09-01,hsd,311.84,18.44
2023-09-01,jp1,264.3,14.72
2023-09-01,ldo,210.13,10.34
2023-09-01,petrol,305.36,14.91
2023-09-01,sko,233.52,16.37
2023-09-16,hsd,329.18,17.34
2023-09-16,jp1,277.51,13.21
2023-09-16,ldo,220.22,10.09
2023-09-16,petrol,331.38,26.02
2023-09-16,sko,244.81,11.29
2023-10-01,hsd,318.18,-11.0
2023-10-01,jp1,264.92,-12.59
2023-10-01,ldo,212.45,-7.77
2023-10-01,petrol,323.38,-8.0
2023-10-01,sko,237.28,-7.53
2023-10-16,hsd,303.18,-15.0
2023-10-16,jp1,241.91,-23.01
2023-10-16,ldo,192.86,-19.59
2023-10-16,petrol,283.38,-40.0
2023-10-16,sko,214.85,-22.43
2023-11-01,hsd,303.18,0.0
2023-11-01,jp1,237.51,-4.4
2023-11-01,ldo,189.46,-3.4
2023-11-01,petrol,283.38,0.0
2023-11-01,sko,211.03,-3.82
2023-11-16,hsd,296.71,-6.47
2023-11-16,jp1,238.7,1.19
2023-11-16,ldo,180.45,-9.01
2023-11-16,petrol,281.34,-2.04
2023-11-16,sko,204.98,-6.05
2023-12-01,hsd,289.71,-7.0
2023-12-01,jp1,224.73,-13.97
2023-12-01,ldo,175.93,-4.52
2023-12-01,petrol,281.34,0.0
2023-12-01,sko,201.16,-3.82
2023-12-16,hsd,276.21,-13.5
2023-12-16,jp1,215.98,-8.75
2023-12-16,ldo,164.64,-11.29
2023-12-16,petrol,267.34,-14.0
2023-12-16,sko,191.02,-10.14
2024-01-01,hsd,276.21,0.0
2024-01-01,ldo,165.75,1.11
2024-01-01,petrol,267.34,0.0
2024-01-01,sko,188.83,-2.19
2024-01-16,hsd,276.21,0.0
2024-01-16,ldo,164.83,-0.92
2024-01-16,petrol,259.34,-8.0
2024-01-16,sko,186.86,-1.97
2024-02-01,hsd,278.96,2.75
2024-02-01,jp1,216.09,
2024-02-01,ldo,166.86,2.03
2024-02-01,petrol,272.89,13.55
2024-02-01,sko,186.62,-0.24
2024-02-16,hsd,287.33,8.37
2024-02-16,jp1,211.62,-4.47
2024-02-16,ldo,171.44,4.58
2024-02-16,petrol,275.62,2.73
2024-02-16,sko,188.57,1.95
2024-03-01,hsd,287.33,0.0
2024-03-01,jp1,223.7,12.08
2024-03-01,ldo,170.3,-1.14
2024-03-01,petrol,279.75,4.13
2024-03-01,sko,190.01,1.44
2024-03-16,hsd,285.56,-1.77
2024-03-16,jp1,215.15,-8.55
2024-03-16,ldo,168.18,-2.12
2024-03-16,petrol,279.75,0.0
2024-03-16,sko,188.66,-1.35
2024-04-01,hsd,282.24,-3.32
2024-04-01,jp1,215.15,0.0
2024-04-01,ldo,167.8,-0.38
2024-04-01,petrol,289.41,9.66
2024-04-01,sko,186.39,-2.27
2024-04-16,hsd,290.38,8.14
2024-04-16,jp1,220.87,5.72
2024-04-16,ldo,174.34,6.54
2024-04-16,petrol,293.94,4.53
2024-04-16,sko,193.08,6.69
2024-05-01,hsd,281.96,-8.42
2024-05-01,jp1,222.23,1.36
2024-05-01,ldo,168.71,-5.63
2024-05-01,petrol,288.49,-5.45
2024-05-01,sko,183.34,-9.74
2024-05-16,hsd,274.08,-7.88
2024-05-16,jp1,215.83,-6.4
2024-05-16,ldo,161.17,-7.54
2024-05-16,petrol,273.1,-15.39
2024-05-16,sko,173.48,-9.86
2024-06-01,hsd,270.22,-3.86
2024-06-01,jp1,198.98,-16.85
2024-06-01,ldo,157.29,-3.88
2024-06-01,petrol,268.36,-4.74
2024-06-01,sko,171.61,-1.87
2024-06-15,hsd,267.89,-2.33
2024-06-15,jp1,193.78,-5.2
2024-06-15,ldo,156.13,-1.16
2024-06-15,petrol,258.16,-10.2
2024-06-15,sko,171.81,0.2
2024-07-01,hsd,277.45,9.56
2024-07-01,jp1,213.27,19.49
2024-07-01,ldo,166.01,9.88
2024-07-01,petrol,265.61,7.45
2024-07-01,sko,181.86,10.05
2024-07-16,hsd,283.63,6.18
2024-07-16,jp1,206.24,-7.03
2024-07-16,ldo,166.25,0.24
2024-07-16,petrol,275.6,9.99
2024-07-16,sko,183.71,1.85
2024-08-01,hsd,272.77,-10.86
2024-08-01,jp1,202.26,-3.98
2024-08-01,ldo,160.53,-5.72
2024-08-01,petrol,269.43,-6.17
2024-08-01,sko,177.39,-6.32
2024-08-14,hsd,266.07,-6.7
2024-08-14,jp1,192.2,-10.06
2024-08-14,ldo,157.02,-3.51
2024-08-14,petrol,260.96,-8.47
2024-08-14,sko,171.77,-5.62
2024-09-01,hsd,262.75,-3.32
2024-09-01,jp1,193.98,1.78
2024-09-01,ldo,154.05,-2.97
2024-09-01,petrol,259.1,-1.86
2024-09-01,sko,169.62,-2.15
2024-09-16,hsd,249.69,-13.06
2024-09-16,jp1,176.55,-17.43
2024-09-16,ldo,141.93,-12.12
2024-09-16,petrol,249.1,-10.0
2024-09-16,sko,158.47,-11.15
2024-10-01,hsd,246.29,-3.4
2024-10-01,jp1,176.72,0.17
2024-10-01,ldo,140.9,-1.03
2024-10-01,petrol,247.03,-2.07
2024-10-01,sko,154.9,-3.57
2024-10-16,hsd,251.29,5.0
2024-10-16,jp1,174.91,-1.81
2024-10-16,ldo,150.12,9.22
2024-10-16,petrol,247.03,0.0
2024-10-16,sko,163.02,8.12
2024-11-01,hsd,255.14,3.85
2024-11-01,jp1,185.22,10.31
2024-11-01,ldo,147.51,-2.61
2024-11-01,petrol,248.38,1.35
2024-11-01,sko,161.54,-1.48
2024-11-16,hsd,255.14,0.0
2024-11-16,jp1,188.21,2.99
2024-11-16,ldo,152.21,4.7
2024-11-16,petrol,248.38,0.0
2024-11-16,sko,165.6,4.06
2024-12-01,hsd,258.43,3.29
2024-12-01,jp1,189.92,1.71
2024-12-01,ldo,151.73,-0.48
2024-12-01,petrol,252.1,3.72
2024-12-01,sko,164.98,-0.62
2024-12-16,hsd,255.38,-3.05
2024-12-16,jp1,189.92,0.0
2024-12-16,ldo,151.73,0.0
2024-12-16,petrol,252.1,0.0
2024-12-16,sko,164.98,0.0
2025-01-01,hsd,258.34,2.96
2025-01-01,jp1,187.09,-2.83
2025-01-01,ldo,149.35,-2.38
2025-01-01,petrol,252.66,0.56
2025-01-01,sko,162.95,-2.03
2025-01-16,hsd,260.95,2.61
2025-01-16,jp1,183.24,-3.85
2025-01-16,ldo,156.53,7.18
2025-01-16,petrol,256.13,3.47
2025-01-16,sko,169.25,6.3
2025-02-01,hsd,267.95,7.0
2025-02-01,jp1,194.72,11.48
2025-02-01,ldo,161.06,4.53
2025-02-01,petrol,257.13,1.0
2025-02-01,sko,174.85,5.6
2025-02-16,hsd,263.95,-4.0
2025-02-16,jp1,200.21,5.49
2025-02-16,ldo,155.81,-5.25
2025-02-16,petrol,256.13,-1.0
2025-02-16,sko,171.65,-3.2
2025-03-01,hsd,258.64,-5.31
2025-03-01,jp1,193.96,-6.25
2025-03-01,ldo,153.34,-2.47
2025-03-01,petrol,255.63,-0.5
2025-03-01,sko,168.12,-3.53
2025-03-16,hsd,258.64,0.0
2025-03-16,jp1,191.16,-2.8
2025-03-16,ldo,153.34,0.0
2025-03-16,petrol,255.63,0.0
2025-03-16,sko,168.12,0.0
2025-04-01,hsd,258.64,0.0
2025-04-01,jp1,176.06,-15.1
2025-04-01,ldo,153.04,-0.3
2025-04-01,petrol,254.63,-1.0
2025-04-01,sko,169.38,1.26
2025-04-16,hsd,258.64,0.0
2025-04-16,jp1,167.24,-8.82
2025-04-16,ldo,153.04,0.0
2025-04-16,petrol,254.63,0.0
2025-04-16,sko,169.38,0.0
2025-05-01,hsd,256.64,-2.0
2025-05-01,jp1,170.0,2.76
2025-05-01,ldo,155.33,2.29
2025-05-01,petrol,252.63,-2.0
2025-05-01,sko,169.69,0.31
2025-05-16,hsd,254.64,-2.0
2025-05-16,jp1,165.5,-4.5
2025-05-16,ldo,150.65,-4.68
2025-05-16,petrol,252.63,0.0
2025-05-16,sko,164.65,-5.04
2025-06-01,hsd,254.64,0.0
2025-06-01,jp1,166.56,1.06
2025-06-01,ldo,151.97,1.32
2025-06-01,petrol,253.63,1.0
2025-06-01,sko,165.04,0.39
2025-06-16,hsd,262.59,7.95
2025-06-16,jp1,167.81,1.25
2025-06-16,ldo,156.14,4.17
2025-06-16,petrol,258.43,4.8
2025-06-16,sko,169.2,4.16
2025-07-01,hsd,272.98,10.39
2025-07-01,jp1,191.25,23.44
2025-07-01,ldo,169.61,13.47
2025-07-01,petrol,266.79,8.36
2025-07-01,sko,184.43,15.23
2025-07-16,hsd,284.35,11.37
2025-07-16,jp1,181.52,-9.73
2025-07-16,ldo,167.76,-1.85
2025-07-16,petrol,272.15,5.36
2025-07-16,sko,181.33,-3.1
2025-08-01,hsd,285.83,1.48
2025-08-01,jp1,183.11,1.59
2025-08-01,ldo,170.36,2.6
2025-08-01,petrol,264.61,-7.54
2025-08-01,sko,185.46,4.13
2025-08-16,hsd,272.99,-12.84
2025-08-16,jp1,177.77,-5.34
2025-08-16,ldo,162.16,-8.2
2025-08-16,petrol,264.61,0.0
2025-08-16,sko,178.27,-7.19
2025-09-01,hsd,269.99,-3.0
2025-09-01,jp1,177.37,-0.4
2025-09-01,ldo,159.76,-2.4
2025-09-01,petrol,264.61,0.0
2025-09-01,sko,176.81,-1.46
2025-09-16,hsd,272.77,2.78
2025-09-16,jp1,179.81,2.44
2025-09-16,ldo,163.42,3.66
2025-09-16,petrol,264.61,0.0
2025-09-16,sko,179.96,3.15
2025-10-01,hsd,276.81,4.04
2025-10-01,jp1,185.7,5.89
2025-10-01,ldo,165.5,2.08
2025-10-01,petrol,268.68,4.07
2025-10-01,sko,184.97,5.01
2025-10-16,hsd,275.42,-1.39
2025-10-16,jp1,182.38,-3.32
2025-10-16,ldo,162.76,-2.74
2025-10-16,petrol,263.02,-5.66
2025-10-16,sko,181.71,-3.26
2025-11-01,hsd,278.44,3.02
2025-11-01,jp1,185.6,3.22
2025-11-01,ldo,163.98,1.22
2025-11-01,petrol,265.45,2.43
2025-11-01,sko,185.05,3.34
2025-11-16,hsd,284.44,6.0
2025-11-16,jp1,184.45,-1.15
2025-11-16,ldo,170.8,6.82
2025-11-16,petrol,265.45,0.0
2025-11-16,sko,194.34,9.29
2025-12-01,hsd,279.65,-4.79
2025-12-01,jp1,194.72,10.27
2025-12-01,ldo,163.77,-7.03
2025-12-01,petrol,263.45,-2.0
2025-12-01,sko,192.86,-1.48
2025-12-16,hsd,265.65,-14.0
2025-12-16,jp1,189.39,-5.33
2025-12-16,ldo,153.26,-10.51
2025-12-16,petrol,263.45,0.0
2025-12-16,sko,180.54,-12.32
2026-01-01,hsd,257.08,-8.57
2026-01-01,jp1,189.39,0.0
2026-01-01,ldo,153.26,0.0
2026-01-01,petrol,253.17,-10.28
2026-01-01,sko,180.54,0.0
2026-01-16,hsd,257.08,0.0
2026-01-16,jp1,171.9,-17.49
2026-01-16,ldo,146.18,-7.08
2026-01-16,petrol,253.17,0.0
2026-01-16,sko,170.88,-9.66
2026-02-01,hsd,268.38,11.3
2026-02-01,jp1,190.33,18.43
2026-02-01,ldo,154.41,8.23
2026-02-01,petrol,253.17,0.0
2026-02-01,sko,175.8,4.92
2026-02-16,hsd,275.7,7.32
2026-02-16,jp1,182.7,-7.63
2026-02-16,ldo,161.72,7.31
2026-02-16,petrol,258.17,5.0
2026-02-16,sko,180.53,4.73
2026-03-01,hsd,280.86,5.16
2026-03-01,jp1,188.93,6.23
2026-03-01,ldo,167.19,5.47
2026-03-01,petrol,266.17,8.0
2026-03-01,sko,188.73,8.2
2026-03-07,hsd,335.86,55.0
2026-03-07,jp1,342.37,153.44
2026-03-07,ldo,235.01,67.82
2026-03-07,petrol,321.17,55.0
2026-03-07,sko,318.81,130.08
2026-03-14,hsd,335.86,0.0
2026-03-14,jp1,388.01,45.64
2026-03-14,ldo,302.52,67.51
2026-03-14,petrol,321.17,0.0
2026-03-14,sko,358.01,39.2
2026-03-21,hsd,335.86,0.0
2026-03-21,jp1,471.47,83.46
2026-03-21,ldo,343.59,41.07
2026-03-21,petrol,321.17,0.0
2026-03-21,sko,428.74,70.73
2026-03-28,hsd,335.86,0.0
2026-03-28,jp1,476.97,5.5
2026-03-28,ldo,365.62,22.03
2026-03-28,petrol,321.17,0.0
2026-03-28,sko,433.4,4.66
2026-04-03,hsd,520.35,184.49
2026-04-03,jp1,517.17,40.2
2026-04-03,ldo,395.03,29.41
2026-04-03,petrol,458.41,137.24
2026-04-03,sko,467.48,34.08
2026-04-04,hsd,520.35,0.0
2026-04-04,jp1,517.17,0.0
2026-04-04,ldo,395.03,0.0
2026-04-04,petrol,378.41,-80.0
2026-04-04,sko,467.48,0.0
2026-04-11,hsd,385.54,-134.81
2026-04-11,jp1,494.69,-22.48
2026-04-11,ldo,369.72,-25.31
2026-04-11,petrol,366.58,-11.83
2026-04-11,sko,450.15,-17.33
2026-04-18,hsd,353.42,-32.12
2026-04-18,jp1,471.01,-23.68
2026-04-18,ldo,299.32,-70.4
2026-04-18,petrol,366.58,0.0
2026-04-18,sko,428.81,-21.34
2026-04-25,hsd,380.19,26.77
2026-04-25,jp1,396.31,-74.7
2026-04-25,ldo,270.51,-28.81
2026-04-25,petrol,393.35,26.77
2026-04-25,sko,365.21,-63.6
2026-05-01,hsd,399.58,19.39
2026-05-01,jp1,388.55,-7.76
2026-05-01,ldo,287.54,17.03
2026-05-01,petrol,399.86,6.51
2026-05-01,sko,360.76,-4.45
2026-05-09,hsd,414.58,15.0
2026-05-09,jp1,441.66,53.11
2026-05-09,ldo,265.84,-21.7
2026-05-09,petrol,414.78,14.92
2026-05-09,sko,318.96,-41.8
2026-05-16,hsd,409.58,-5.0
2026-05-16,jp1,330.22,-111.44
2026-05-16,ldo,273.92,8.08
2026-05-16,petrol,409.78,-5.0
2026-05-16,sko,311.73,-7.23
2026-05-23,hsd,402.78,-6.8
2026-05-23,jp1,332.32,2.1
2026-05-23,ldo,275.54,1.62
2026-05-23,petrol,403.78,-6.0
2026-05-23,sko,313.44,1.71
2026-05-30,hsd,380.78,-22.0
2026-05-30,jp1,283.52,-48.8
2026-05-30,ldo,244.93,-30.61
2026-05-30,petrol,381.78,-22.0
2026-05-30,sko,272.0,-41.44
2026-06-06,hsd,380.78,0.0
2026-06-06,jp1,283.52,0.0
2026-06-06,ldo,249.6,4.67
2026-06-06,petrol,377.78,-4.0
2026-06-06,sko,280.7,8.7
2026-06-13,hsd,378.78,-2.0
2026-06-13,jp1,295.84,12.32
2026-06-13,ldo,244.75,-4.85
2026-06-13,petrol,373.78,-4.0
2026-06-13,sko,282.19,1.49
2026-06-20,hsd,311.47,-67.31
2026-06-20,jp1,238.87,-56.97
2026-06-20,ldo,199.98,-44.77
2026-06-20,petrol,299.5,-74.28
2026-06-20,sko,233.9,-48.29
2026-06-27,hsd,311.47,0.0
2026-06-27,jp1,231.72,-7.15
2026-06-27,ldo,192.43,-7.55
2026-06-27,petrol,299.5,0.0
2026-06-27,sko,227.05,-6.85
2026-07-04,hsd,309.5,-1.97
2026-07-04,jp1,237.97,6.25
2026-07-04,ldo,195.48,3.05
2026-07-04,petrol,297.53,-1.97
2026-07-04,sko,231.14,4.09
2026-07-11,hsd,323.3,13.8
2026-07-11,jp1,251.2,13.23
2026-07-11,ldo,205.22,9.74
2026-07-11,petrol,310.71,13.18
2026-07-11,sko,242.33,11.19
